{
  "model_name": "phi3_4b",
  "files": 200,
  "evaluated_files": 100,
  "mean_ndcg@k": 0.9997056485921061,
  "mean_faithfulness": 0.5266578952248024
}