{
  "model_name": "llama3_8b",
  "files": 200,
  "evaluated_files": 100,
  "mean_ndcg@k": 0.9976728191566803,
  "mean_faithfulness": 0.46105740854311655
}