{
  "files": 10,
  "ndcg@k_mean": 1.0,
  "ndcg@k_ci95_lo": 1.0,
  "ndcg@k_ci95_hi": 1.0,
  "faith_mean": 0.5898985793984757,
  "faith_ci95_lo": 0.5151222111662819,
  "faith_ci95_hi": 0.6598572177230612,
  "ndcg@k_median": 1.0,
  "faith_median": 0.5898704766248757,
  "ndcg@k_std": 0.0,
  "faith_std": 0.12421633369056131,
  "bootstrap_iters": 2000,
  "iqr_k": 1.5,
  "z_thresh": 3.0,
  "faith_high_thr": 0.7,
  "faith_mid_thr": 0.4
}