{
  "files": 10,
  "ndcg@k_mean": 0.9643645267795389,
  "ndcg@k_ci95_lo": 0.9426135759335822,
  "ndcg@k_ci95_hi": 0.9848523808578252,
  "faith_mean": 0.5041741124558116,
  "faith_ci95_lo": 0.4029521584280573,
  "faith_ci95_hi": 0.6068111795489529,
  "ndcg@k_median": 0.9709994931379515,
  "faith_median": 0.4771425120871834,
  "ndcg@k_std": 0.03434690977336365,
  "faith_std": 0.16827943664700998,
  "bootstrap_iters": 2000,
  "iqr_k": 1.5,
  "z_thresh": 3.0,
  "faith_high_thr": 0.5,
  "faith_mid_thr": 0.25
}