{
  "files": 100,
  "ndcg@k_mean": 0.9999847084069801,
  "ndcg@k_ci95_lo": 0.9999535680373886,
  "ndcg@k_ci95_hi": 1.0,
  "faith_mean": 0.5599591273725114,
  "faith_ci95_lo": 0.524602438170046,
  "faith_ci95_hi": 0.596533622920203,
  "ndcg@k_median": 1.0,
  "faith_median": 0.6073201191940039,
  "ndcg@k_std": 0.00015399739826188556,
  "faith_std": 0.18174476579097915,
  "bootstrap_iters": 2000,
  "iqr_k": 1.5,
  "z_thresh": 3.0,
  "faith_high_thr": 0.5,
  "faith_mid_thr": 0.25
}