{
  "files": 100,
  "ndcg@k_mean": 0.9996955999361091,
  "ndcg@k_ci95_lo": 0.9991169457763182,
  "ndcg@k_ci95_hi": 1.0,
  "faith_mean": 0.5262189502595548,
  "faith_ci95_lo": 0.4903000862103434,
  "faith_ci95_hi": 0.5614378185933606,
  "ndcg@k_median": 1.0,
  "faith_median": 0.5238746916643042,
  "ndcg@k_std": 0.0026161925700817303,
  "faith_std": 0.18067848565775435,
  "bootstrap_iters": 2000,
  "iqr_k": 1.5,
  "z_thresh": 3.0,
  "faith_high_thr": 0.5,
  "faith_mid_thr": 0.25
}