{
  "files": 100,
  "bert_intrinsic_mean": 0.7811233670654893,
  "bert_intrinsic_ci95_lo": 0.7767046951204538,
  "bert_intrinsic_ci95_hi": 0.7853333346247673,
  "bert_intrinsic_median": 0.7837877571582794,
  "bert_intrinsic_std": 0.02252585896494425,
  "top_k": 8,
  "bert_model": "bert-base-uncased",
  "agg": "mean"
}