{
  "files": 100,
  "bert_intrinsic_mean": 0.7778573796918988,
  "bert_intrinsic_ci95_lo": 0.7738055944889783,
  "bert_intrinsic_ci95_hi": 0.7816725388169289,
  "bert_intrinsic_median": 0.7803422212600708,
  "bert_intrinsic_std": 0.020594987069914944,
  "top_k": 10,
  "bert_model": "bert-base-uncased",
  "agg": "mean"
}