{
  "model_name": "llama3_8b",
  "files": 200,
  "evaluated_files": 100,
  "mean_ndcg@k": 0.9997056485921061,
  "mean_faithfulness": 0.5215745813634947
}