{
  "files": 100,
  "ndcg@k_mean": 0.9996955999361091,
  "ndcg@k_ci95_lo": 0.9991169457763182,
  "ndcg@k_ci95_hi": 1.0,
  "faith_mean": 0.5195640400107002,
  "faith_ci95_lo": 0.48540453041891296,
  "faith_ci95_hi": 0.5530917218454101,
  "ndcg@k_median": 1.0,
  "faith_median": 0.5062498297241405,
  "ndcg@k_std": 0.0026161925700817303,
  "faith_std": 0.17492753724382748,
  "bootstrap_iters": 2000,
  "iqr_k": 1.5,
  "z_thresh": 3.0,
  "faith_high_thr": 0.5,
  "faith_mid_thr": 0.25
}